-- =============================================================================
-- ManageMee Database Seed Queries
-- =============================================================================
-- Run AFTER your backend starts (which runs `prisma db push` automatically).
-- Run these queries in order: InventoryItem & Supplier first, then
-- SupplierPrice, MenuItem, RecipeIngredient, and SaleRecord last.
--
-- RELATIONSHIPS:
--   Supplier.id            ──→  SupplierPrice.supplierId
--   InventoryItem.id       ──→  SupplierPrice.inventoryItemId
--   InventoryItem.id       ──→  RecipeIngredient.inventoryItemId
--   MenuItem.id            ──→  RecipeIngredient.menuItemId
--   MenuItem.id            ──→  SaleRecord.menuItemId
--
-- Fixed UUID key:
--   Inventory items : 11000000-0000-0000-0000-00000000000{1-c}
--   Suppliers       : 22000000-0000-0000-0000-00000000000{1-7}
--   Menu items      : 33000000-0000-0000-0000-00000000000{1-4}
--   Supplier prices : 44000000-0000-0000-0000-00000000000{1-1c}
--   Recipe ingreds  : 55000000-0000-0000-0000-00000000000{1-10}
--   Sale records    : 66000000-0000-0000-0000-00000000000{1-a}
-- =============================================================================


-- =============================================================================
-- 1. InventoryItem
-- =============================================================================
-- Fields: id, name, category, quantity, unit, "minQuantity", supplier,
--         "lastUpdated", "targetPrice", "pendingRestock"
INSERT INTO "InventoryItem"
  (id, name, category, quantity, unit, "minQuantity", supplier, "lastUpdated", "targetPrice", "pendingRestock")
VALUES
  ('11000000-0000-0000-0000-000000000001', 'Yellow Noodles',  'Noodles',    3.5,  'kg',  5.0,  'Ah Seng Trading',    '2026-02-08 08:30:00', 3.50,  NULL),
  ('11000000-0000-0000-0000-000000000002', 'Bee Hoon',        'Noodles',    8.2,  'kg',  4.0,  'Ah Seng Trading',    '2026-02-08 08:30:00', 4.20,  NULL),
  ('11000000-0000-0000-0000-000000000003', 'Eggs',            'Protein',    24.0, 'pcs', 30.0, 'Fresh Supplies Co',  '2026-02-08 09:00:00', 0.35,  NULL),
  ('11000000-0000-0000-0000-000000000004', 'Prawns',          'Protein',    4.2,  'kg',  3.0,  'Fresh Supplies Co',  '2026-02-08 07:00:00', 18.00, NULL),
  ('11000000-0000-0000-0000-000000000005', 'Chicken Breast',  'Protein',    15.5, 'kg',  8.0,  'Fresh Supplies Co',  '2026-02-08 07:00:00', 8.50,  NULL),
  ('11000000-0000-0000-0000-000000000006', 'Bok Choy',        'Vegetables', 1.2,  'kg',  3.0,  'Green Veggie Market','2026-02-08 06:30:00', 2.80,  NULL),
  ('11000000-0000-0000-0000-000000000007', 'Bean Sprouts',    'Vegetables', 4.8,  'kg',  2.0,  'Green Veggie Market','2026-02-08 06:30:00', 1.50,  NULL),
  ('11000000-0000-0000-0000-000000000008', 'Chili Paste',     'Condiments', 1.8,  'kg',  1.5,  'Spice World',        '2026-02-08 08:00:00', 12.00, NULL),
  ('11000000-0000-0000-0000-000000000009', 'Soy Sauce',       'Condiments', 3.2,  'L',   2.0,  'Spice World',        '2026-02-08 08:00:00', 6.50,  NULL),
  ('11000000-0000-0000-0000-00000000000a', 'Cooking Oil',     'Condiments', 12.5, 'L',   10.0, 'Ah Seng Trading',    '2026-02-08 08:30:00', 5.00,  NULL),
  ('11000000-0000-0000-0000-00000000000b', 'Brown Rice',      'Rice',       12.5, 'kg',  10.0, 'Ah Seng Trading',    '2026-02-22 08:30:00', 5.00,  NULL),
  ('11000000-0000-0000-0000-00000000000c', 'Lemon Sauce',     'Condiments', 5.0,  'L',   2.5,  'Ah Seng Trading',    '2026-02-22 08:30:00', 5.00,  NULL);


-- =============================================================================
-- 2. Supplier
-- =============================================================================
-- Fields: id, name, phone, items (text array)
INSERT INTO "Supplier"
  (id, name, phone, items)
VALUES
  ('22000000-0000-0000-0000-000000000001', 'Ah Seng Trading',    '+6591234567', ARRAY['Yellow Noodles','Bee Hoon','Cooking Oil','Brown Rice']::text[]),
  ('22000000-0000-0000-0000-000000000002', 'Fresh Supplies Co',  '+6598765432', ARRAY['Eggs','Prawns','Chicken Breast']::text[]),
  ('22000000-0000-0000-0000-000000000003', 'Green Veggie Market','+6587654321', ARRAY['Bok Choy','Bean Sprouts']::text[]),
  ('22000000-0000-0000-0000-000000000004', 'Spice World',        '+6593456789', ARRAY['Chili Paste','Soy Sauce']::text[]),
  ('22000000-0000-0000-0000-000000000005', 'Wholesale Direct',   '+6596543210', ARRAY['Brown Rice']::text[]),
  ('22000000-0000-0000-0000-000000000006', 'Market Fresh',       '+6594567890', ARRAY[]::text[]),
  ('22000000-0000-0000-0000-000000000007', 'Seafood King',       '+6592345678', ARRAY[]::text[]);


-- =============================================================================
-- 3. SupplierPrice
-- =============================================================================
-- Fields: id, "supplierId", "supplierName", "inventoryItemId", price, "lastUpdated"
-- supplierId  → Supplier.id
-- inventoryItemId → InventoryItem.id
INSERT INTO "SupplierPrice"
  (id, "supplierId", "supplierName", "inventoryItemId", price, "lastUpdated")
VALUES
  -- Yellow Noodles (inv 1)
  ('44000000-0000-0000-0000-000000000001', '22000000-0000-0000-0000-000000000001', 'Ah Seng Trading',    '11000000-0000-0000-0000-000000000001', 3.20, '2026-02-08 00:00:00'),
  ('44000000-0000-0000-0000-000000000002', '22000000-0000-0000-0000-000000000005', 'Wholesale Direct',   '11000000-0000-0000-0000-000000000001', 3.50, '2026-02-07 00:00:00'),
  ('44000000-0000-0000-0000-000000000003', '22000000-0000-0000-0000-000000000006', 'Market Fresh',       '11000000-0000-0000-0000-000000000001', 3.80, '2026-02-06 00:00:00'),

  -- Bee Hoon (inv 2)
  ('44000000-0000-0000-0000-000000000004', '22000000-0000-0000-0000-000000000001', 'Ah Seng Trading',    '11000000-0000-0000-0000-000000000002', 4.00, '2026-02-08 00:00:00'),
  ('44000000-0000-0000-0000-000000000005', '22000000-0000-0000-0000-000000000005', 'Wholesale Direct',   '11000000-0000-0000-0000-000000000002', 4.20, '2026-02-07 00:00:00'),

  -- Eggs (inv 3)
  ('44000000-0000-0000-0000-000000000006', '22000000-0000-0000-0000-000000000002', 'Fresh Supplies Co',  '11000000-0000-0000-0000-000000000003', 0.32, '2026-02-08 00:00:00'),
  ('44000000-0000-0000-0000-000000000007', '22000000-0000-0000-0000-000000000005', 'Wholesale Direct',   '11000000-0000-0000-0000-000000000003', 0.35, '2026-02-08 00:00:00'),
  ('44000000-0000-0000-0000-000000000008', '22000000-0000-0000-0000-000000000006', 'Market Fresh',       '11000000-0000-0000-0000-000000000003', 0.38, '2026-02-07 00:00:00'),

  -- Prawns (inv 4)
  ('44000000-0000-0000-0000-000000000009', '22000000-0000-0000-0000-000000000002', 'Fresh Supplies Co',  '11000000-0000-0000-0000-000000000004', 17.50, '2026-02-08 00:00:00'),
  ('44000000-0000-0000-0000-00000000000a', '22000000-0000-0000-0000-000000000006', 'Market Fresh',       '11000000-0000-0000-0000-000000000004', 18.20, '2026-02-08 00:00:00'),
  ('44000000-0000-0000-0000-00000000000b', '22000000-0000-0000-0000-000000000007', 'Seafood King',       '11000000-0000-0000-0000-000000000004', 19.00, '2026-02-07 00:00:00'),

  -- Chicken Breast (inv 5)
  ('44000000-0000-0000-0000-00000000000c', '22000000-0000-0000-0000-000000000002', 'Fresh Supplies Co',  '11000000-0000-0000-0000-000000000005', 8.20,  '2026-02-08 00:00:00'),
  ('44000000-0000-0000-0000-00000000000d', '22000000-0000-0000-0000-000000000005', 'Wholesale Direct',   '11000000-0000-0000-0000-000000000005', 8.50,  '2026-02-07 00:00:00'),
  ('44000000-0000-0000-0000-00000000000e', '22000000-0000-0000-0000-000000000006', 'Market Fresh',       '11000000-0000-0000-0000-000000000005', 9.00,  '2026-02-07 00:00:00'),

  -- Bok Choy (inv 6)
  ('44000000-0000-0000-0000-00000000000f', '22000000-0000-0000-0000-000000000003', 'Green Veggie Market','11000000-0000-0000-0000-000000000006', 2.60,  '2026-02-08 00:00:00'),
  ('44000000-0000-0000-0000-000000000010', '22000000-0000-0000-0000-000000000006', 'Market Fresh',       '11000000-0000-0000-0000-000000000006', 2.80,  '2026-02-08 00:00:00'),
  ('44000000-0000-0000-0000-000000000011', '22000000-0000-0000-0000-000000000005', 'Wholesale Direct',   '11000000-0000-0000-0000-000000000006', 3.00,  '2026-02-07 00:00:00'),

  -- Bean Sprouts (inv 7)
  ('44000000-0000-0000-0000-000000000012', '22000000-0000-0000-0000-000000000003', 'Green Veggie Market','11000000-0000-0000-0000-000000000007', 1.40,  '2026-02-08 00:00:00'),
  ('44000000-0000-0000-0000-000000000013', '22000000-0000-0000-0000-000000000006', 'Market Fresh',       '11000000-0000-0000-0000-000000000007', 1.50,  '2026-02-08 00:00:00'),

  -- Chili Paste (inv 8)
  ('44000000-0000-0000-0000-000000000014', '22000000-0000-0000-0000-000000000004', 'Spice World',        '11000000-0000-0000-0000-000000000008', 11.50, '2026-02-08 00:00:00'),
  ('44000000-0000-0000-0000-000000000015', '22000000-0000-0000-0000-000000000005', 'Wholesale Direct',   '11000000-0000-0000-0000-000000000008', 12.00, '2026-02-07 00:00:00'),
  ('44000000-0000-0000-0000-000000000016', '22000000-0000-0000-0000-000000000006', 'Market Fresh',       '11000000-0000-0000-0000-000000000008', 13.00, '2026-02-06 00:00:00'),

  -- Soy Sauce (inv 9)
  ('44000000-0000-0000-0000-000000000017', '22000000-0000-0000-0000-000000000004', 'Spice World',        '11000000-0000-0000-0000-000000000009', 6.20,  '2026-02-08 00:00:00'),
  ('44000000-0000-0000-0000-000000000018', '22000000-0000-0000-0000-000000000001', 'Ah Seng Trading',    '11000000-0000-0000-0000-000000000009', 6.50,  '2026-02-07 00:00:00'),
  ('44000000-0000-0000-0000-000000000019', '22000000-0000-0000-0000-000000000005', 'Wholesale Direct',   '11000000-0000-0000-0000-000000000009', 6.80,  '2026-02-07 00:00:00'),

  -- Cooking Oil (inv 10)
  ('44000000-0000-0000-0000-00000000001a', '22000000-0000-0000-0000-000000000001', 'Ah Seng Trading',    '11000000-0000-0000-0000-00000000000a', 4.80,  '2026-02-08 00:00:00'),
  ('44000000-0000-0000-0000-00000000001b', '22000000-0000-0000-0000-000000000005', 'Wholesale Direct',   '11000000-0000-0000-0000-00000000000a', 5.00,  '2026-02-08 00:00:00'),
  ('44000000-0000-0000-0000-00000000001c', '22000000-0000-0000-0000-000000000006', 'Market Fresh',       '11000000-0000-0000-0000-00000000000a', 5.50,  '2026-02-07 00:00:00');


-- =============================================================================
-- 4. MenuItem
-- =============================================================================
-- Fields: id, name, price, category, image
-- Note: images are NULL here. Add images via the Edit Dish UI after seeding.
INSERT INTO "MenuItem"
  (id, name, price, category, image)
VALUES
  ('33000000-0000-0000-0000-000000000001', 'Roasted Chicken Rice', 5.50, 'Rice Dishes',   NULL),
  ('33000000-0000-0000-0000-000000000002', 'Char Kway Teow',       6.00, 'Noodle Dishes', NULL),
  ('33000000-0000-0000-0000-000000000003', 'Curry Laksa',          6.50, 'Noodle Dishes', NULL),
  ('33000000-0000-0000-0000-000000000004', 'Wonton Mee',           5.00, 'Noodle Dishes', NULL);


-- =============================================================================
-- 5. RecipeIngredient
-- =============================================================================
-- Fields: id, "menuItemId", "inventoryItemId", "inventoryItemName", quantity, unit
-- menuItemId      → MenuItem.id
-- inventoryItemId → InventoryItem.id
--
-- Units match what EditMenuItem stores: g for weight, ml for liquid, pcs for count.
-- The backend /api/sales auto-converts g↔kg and ml↔L when deducting inventory.
INSERT INTO "RecipeIngredient"
  (id, "menuItemId", "inventoryItemId", "inventoryItemName", quantity, unit)
VALUES
  -- Roasted Chicken Rice (menu 1)
  ('55000000-0000-0000-0000-000000000001', '33000000-0000-0000-0000-000000000001', '11000000-0000-0000-0000-000000000005', 'Chicken Breast', 150.0, 'g'),
  ('55000000-0000-0000-0000-000000000002', '33000000-0000-0000-0000-000000000001', '11000000-0000-0000-0000-00000000000b', 'Brown Rice',     200.0, 'g'),
  ('55000000-0000-0000-0000-000000000003', '33000000-0000-0000-0000-000000000001', '11000000-0000-0000-0000-000000000008', 'Chili Paste',    30.0,  'g'),
  ('55000000-0000-0000-0000-000000000004', '33000000-0000-0000-0000-000000000001', '11000000-0000-0000-0000-000000000009', 'Soy Sauce',      20.0,  'ml'),

  -- Char Kway Teow (menu 2)
  ('55000000-0000-0000-0000-000000000005', '33000000-0000-0000-0000-000000000002', '11000000-0000-0000-0000-000000000001', 'Yellow Noodles', 150.0, 'g'),
  ('55000000-0000-0000-0000-000000000006', '33000000-0000-0000-0000-000000000002', '11000000-0000-0000-0000-000000000003', 'Eggs',           1.0,   'pcs'),
  ('55000000-0000-0000-0000-000000000007', '33000000-0000-0000-0000-000000000002', '11000000-0000-0000-0000-000000000004', 'Prawns',         50.0,  'g'),
  ('55000000-0000-0000-0000-000000000008', '33000000-0000-0000-0000-000000000002', '11000000-0000-0000-0000-000000000007', 'Bean Sprouts',   80.0,  'g'),
  ('55000000-0000-0000-0000-000000000009', '33000000-0000-0000-0000-000000000002', '11000000-0000-0000-0000-00000000000a', 'Cooking Oil',    30.0,  'ml'),

  -- Curry Laksa (menu 3)
  ('55000000-0000-0000-0000-00000000000a', '33000000-0000-0000-0000-000000000003', '11000000-0000-0000-0000-000000000001', 'Yellow Noodles', 180.0, 'g'),
  ('55000000-0000-0000-0000-00000000000b', '33000000-0000-0000-0000-000000000003', '11000000-0000-0000-0000-000000000004', 'Prawns',         60.0,  'g'),
  ('55000000-0000-0000-0000-00000000000c', '33000000-0000-0000-0000-000000000003', '11000000-0000-0000-0000-000000000006', 'Bok Choy',       100.0, 'g'),
  ('55000000-0000-0000-0000-00000000000d', '33000000-0000-0000-0000-000000000003', '11000000-0000-0000-0000-000000000007', 'Bean Sprouts',   60.0,  'g'),

  -- Wonton Mee (menu 4)
  ('55000000-0000-0000-0000-00000000000e', '33000000-0000-0000-0000-000000000004', '11000000-0000-0000-0000-000000000001', 'Yellow Noodles', 160.0, 'g'),
  ('55000000-0000-0000-0000-00000000000f', '33000000-0000-0000-0000-000000000004', '11000000-0000-0000-0000-000000000006', 'Bok Choy',       80.0,  'g'),
  ('55000000-0000-0000-0000-000000000010', '33000000-0000-0000-0000-000000000004', '11000000-0000-0000-0000-000000000009', 'Soy Sauce',      25.0,  'ml');


-- =============================================================================
-- 6. SaleRecord
-- =============================================================================
-- Fields: id, "menuItemId", "menuItemName", quantity, timestamp
-- menuItemId → MenuItem.id
-- These are historical sales (already deducted from inventory).
-- Do NOT use the /api/sales endpoint for historical inserts — that would
-- deduct inventory a second time. Use this SQL directly instead.
INSERT INTO "SaleRecord"
  (id, "menuItemId", "menuItemName", quantity, timestamp)
VALUES
  ('66000000-0000-0000-0000-000000000001', '33000000-0000-0000-0000-000000000001', 'Roasted Chicken Rice', 2, '2026-03-23 14:45:00'),
  ('66000000-0000-0000-0000-000000000002', '33000000-0000-0000-0000-000000000002', 'Char Kway Teow',       1, '2026-03-23 14:42:00'),
  ('66000000-0000-0000-0000-000000000003', '33000000-0000-0000-0000-000000000004', 'Wonton Mee',           3, '2026-03-23 14:38:00'),
  ('66000000-0000-0000-0000-000000000004', '33000000-0000-0000-0000-000000000003', 'Curry Laksa',          1, '2026-03-23 14:35:00'),
  ('66000000-0000-0000-0000-000000000005', '33000000-0000-0000-0000-000000000001', 'Roasted Chicken Rice', 1, '2026-03-23 14:30:00'),
  ('66000000-0000-0000-0000-000000000006', '33000000-0000-0000-0000-000000000002', 'Char Kway Teow',       2, '2026-03-23 14:25:00'),
  ('66000000-0000-0000-0000-000000000007', '33000000-0000-0000-0000-000000000004', 'Wonton Mee',           1, '2026-03-23 14:20:00'),
  ('66000000-0000-0000-0000-000000000008', '33000000-0000-0000-0000-000000000003', 'Curry Laksa',          2, '2026-03-23 14:15:00'),
  ('66000000-0000-0000-0000-000000000009', '33000000-0000-0000-0000-000000000001', 'Roasted Chicken Rice', 1, '2026-03-23 14:10:00'),
  ('66000000-0000-0000-0000-00000000000a', '33000000-0000-0000-0000-000000000002', 'Char Kway Teow',       1, '2026-03-23 14:05:00');
